﻿<?xml version="1.0"?>
<doc>
<assembly>
<name>
LucqmanDownload
</name>
</assembly>
<members>
<member name="T:LucqmanDownload.My.Resources.Resources">
<summary>
  A strongly-typed resource class, for looking up localized strings, etc.
</summary>
</member>
<member name="P:LucqmanDownload.My.Resources.Resources.ResourceManager">
<summary>
  Returns the cached ResourceManager instance used by this class.
</summary>
</member>
<member name="P:LucqmanDownload.My.Resources.Resources.Culture">
<summary>
  Overrides the current thread's CurrentUICulture property for all
  resource lookups using this strongly typed resource class.
</summary>
</member>
<member name="T:LucqmanDownload.BaixarCapas">
 <summary>
 Classe para baixar capas de jogos da Steam
 Equivalente ao script Python baixarcapa.py
 </summary>
</member>
<member name="M:LucqmanDownload.BaixarCapas.LimparNomeArquivo(System.String)">
 <summary>
 Remove acentos e caracteres especiais de um nome para criar um nome de arquivo válido
 </summary>
 <param name="nome">Nome original</param>
 <returns>Nome de arquivo limpo</returns>
</member>
<member name="M:LucqmanDownload.BaixarCapas.ObterAppId(System.String)">
 <summary>
 Obtém o ID do aplicativo na Steam a partir do nome do jogo
 </summary>
 <param name="nomeJogo">Nome do jogo a ser buscado</param>
 <returns>Tupla com ID e título do jogo</returns>
</member>
<member name="M:LucqmanDownload.BaixarCapas.MontarUrlCapa(System.String)">
 <summary>
 Monta a URL da capa do jogo a partir do app_id
 </summary>
 <param name="appId">ID do aplicativo na Steam</param>
 <returns>URL da imagem de capa</returns>
</member>
<member name="M:LucqmanDownload.BaixarCapas.SalvarImagem(System.String,System.String)">
 <summary>
 Baixa e salva uma imagem a partir da URL
 </summary>
 <param name="url">URL da imagem</param>
 <param name="nomeArquivo">Caminho completo do arquivo onde salvar</param>
 <returns>True se a operação foi bem sucedida</returns>
</member>
<member name="M:LucqmanDownload.BaixarCapas.BuscarEBaixarCapa(System.String)">
 <summary>
 Método principal para buscar e baixar a capa de um jogo
 </summary>
 <param name="nomeJogo">Nome do jogo a ser buscado</param>
 <returns>Caminho completo da imagem baixada ou vazio se houve erro</returns>
</member>
<member name="M:LucqmanDownload.BaixarCapas.BuscarECarregarCapa(System.String,System.Windows.Forms.PictureBox)">
 <summary>
 Método para uso a partir do Form1 (equivalente ao método BuscarECarregarCapa)
 </summary>
 <param name="nomeJogo">Nome do jogo para buscar</param>
 <param name="picturebox">PictureBox onde exibir a imagem</param>
 <returns>True se a imagem foi carregada com sucesso</returns>
</member>
<member name="M:LucqmanDownload.BaixarCapas.Main(System.String[])">
 <summary>
 Método principal para execução como aplicação standalone
 </summary>
</member>
<member name="T:LucqmanDownload.Serve2">
 <summary>
 Classe Serve2 - Implementação VB.NET do script serve2.py para buscar torrents
 </summary>
</member>
<member name="M:LucqmanDownload.Serve2.#ctor">
 <summary>
 Construtor
 </summary>
</member>
<member name="M:LucqmanDownload.Serve2.ProcessarComando(System.String[])">
 <summary>
 Processa os comandos recebidos da linha de comando
 </summary>
 <param name="args">Argumentos da linha de comando</param>
 <returns>Resultado em formato JSON</returns>
</member>
<member name="M:LucqmanDownload.Serve2.BuscarJogos(System.String)">
 <summary>
 Busca jogos no site
 </summary>
 <param name="nomeJogo">Nome do jogo para buscar</param>
 <returns>Lista de jogos encontrados</returns>
</member>
<member name="M:LucqmanDownload.Serve2.AnalisarResultadosBusca(System.String)">
 <summary>
 Analisa o HTML da página de resultados e extrai os jogos
 </summary>
 <param name="html">HTML da página de resultados</param>
 <returns>Lista de jogos encontrados</returns>
</member>
<member name="M:LucqmanDownload.Serve2.ProcessarLinhaTorrent(System.String,System.Collections.Generic.List{System.Collections.Generic.Dictionary{System.String,System.String}})">
 <summary>
 Processa uma linha da tabela de torrents
 </summary>
</member>
<member name="M:LucqmanDownload.Serve2.ObterLinkMagnetico(System.String)">
 <summary>
 Obtém o link magnético a partir da URL do torrent
 </summary>
 <param name="urlTorrent">URL da página do torrent</param>
 <returns>Dicionário com o link magnético e a descrição</returns>
</member>
<member name="M:LucqmanDownload.Serve2.Main(System.String[])">
 <summary>
 Executa o programa diretamente
 </summary>
</member>
<member name="M:LucqmanDownload.Serve2.LogInfo(System.String)">
 <summary>
 Registra uma mensagem de informação no log
 </summary>
 <param name="mensagem">Mensagem a ser registrada</param>
</member>
<member name="M:LucqmanDownload.Serve2.LogWarning(System.String)">
 <summary>
 Registra uma mensagem de aviso no log
 </summary>
 <param name="mensagem">Mensagem a ser registrada</param>
</member>
<member name="M:LucqmanDownload.Serve2.LogError(System.String)">
 <summary>
 Registra uma mensagem de erro no log
 </summary>
 <param name="mensagem">Mensagem a ser registrada</param>
</member>
<member name="M:LucqmanDownload.Serve2.LogDebug(System.String)">
 <summary>
 Registra uma mensagem de debug no log
 </summary>
 <param name="mensagem">Mensagem a ser registrada</param>
</member>
<member name="M:LucqmanDownload.Serve2.Log(System.String,System.String)">
 <summary>
 Registra uma mensagem no arquivo de log
 </summary>
 <param name="nivel">Nível da mensagem (INFO, WARNING, ERROR, DEBUG)</param>
 <param name="mensagem">Mensagem a ser registrada</param>
</member>
<member name="M:LucqmanDownload.LucqmanDownload.Ultimos.LimparTexto(System.String)">
 <summary>
 Limpa o texto substituindo caracteres problemáticos
 </summary>
 <param name="texto">Texto a ser limpo</param>
 <returns>Texto limpo</returns>
</member>
<member name="M:LucqmanDownload.LucqmanDownload.Ultimos.SearchGameAndGetMagnet(System.String,System.String)">
 <summary>
 Busca um jogo específico e obtém o link magnet
 </summary>
 <param name="gameLink">Link da página do jogo</param>
 <param name="gameName">Nome do jogo (opcional)</param>
 <returns>Dicionário com link magnet e tamanho do repack</returns>
</member>
<member name="M:LucqmanDownload.LucqmanDownload.Ultimos.GetPopularRepacks">
 <summary>
 Obtém a lista de repacks populares da página principal
 </summary>
 <returns>Lista de dicionários com informações dos jogos</returns>
</member>
<member name="M:LucqmanDownload.LucqmanDownload.Ultimos.Main">
 <summary>
 Método principal para teste
 </summary>
</member>
<member name="T:LucqmanDownload.LucqmanDownload.Novo2.JogoInfo">
 <summary>
 Estrutura para armazenar informações de jogos populares
 </summary>
</member>
<member name="M:LucqmanDownload.LucqmanDownload.Novo2.SearchGameAndGetMagnet(System.String,System.String)">
 <summary>
 Busca um jogo específico e obtém o link magnet
 </summary>
 <param name="gameLink">Link da página do jogo</param>
 <param name="gameName">Nome do jogo</param>
 <returns>Dicionário com link magnet e tamanho do repack</returns>
</member>
<member name="M:LucqmanDownload.LucqmanDownload.Novo2.ObterJogosPopulares">
 <summary>
 Obtém a lista de repacks populares da página principal
 </summary>
 <returns>Lista de informações sobre jogos populares</returns>
</member>
<member name="M:LucqmanDownload.LucqmanDownload.Novo2.Main">
 <summary>
 Método principal para teste
 </summary>
</member>
<member name="M:LucqmanDownload.LucqmanDownload.Serve3.Similarity(System.String,System.String)">
 <summary>
 Calcula a similaridade entre duas strings usando o algoritmo de Sequence Matcher
 </summary>
 <param name="a">Primeira string</param>
 <param name="b">Segunda string</param>
 <returns>Valor entre 0 e 1 representando a similaridade</returns>
</member>
<member name="M:LucqmanDownload.LucqmanDownload.Serve3.SearchGameAndGetMagnet(System.String)">
 <summary>
 Busca um jogo no site FitGirl Repacks e obtém o link magnet
 </summary>
 <param name="gameName">Nome do jogo a ser buscado</param>
 <returns>String JSON com o resultado da busca</returns>
</member>
<member name="T:LucqmanDownload.Info">
 <summary>
 Classe para obter informações de jogos da Steam
 Equivalente ao script Python info.py
 </summary>
</member>
<member name="M:LucqmanDownload.Info.GetSteamAppInfo(System.String,System.Int32)">
 <summary>
 Obtém informações de um jogo através da API da Steam
 </summary>
 <param name="gameName">Nome do jogo a ser buscado</param>
 <param name="timeout">Timeout em segundos (padrão: 10)</param>
 <returns>Descrição curta do jogo ou mensagem de erro</returns>
</member>
<member name="M:LucqmanDownload.Info.Main(System.String[])">
 <summary>
 Método principal que pode ser chamado de forma independente
 </summary>
 <param name="args">Argumentos da linha de comando</param>
</member>
<member name="M:LucqmanDownload.Info.ObterDescricaoJogo(System.String)">
 <summary>
 Obtém a descrição de um jogo (método utilitário para ser chamado pelo Form1)
 </summary>
 <param name="gameName">Nome do jogo</param>
 <returns>Descrição do jogo</returns>
</member>
<member name="T:LucqmanDownload.Novo">
 <summary>
 Classe para obter os novos lançamentos da Steam
 Equivalente ao script Python novo.py
 </summary>
</member>
<member name="F:LucqmanDownload.Novo.URL">
 <summary>
 URL da página de novos lançamentos da Steam
 </summary>
</member>
<member name="M:LucqmanDownload.Novo.ObterJogosRecentes">
 <summary>
 Obtém a lista dos jogos mais recentes da Steam
 </summary>
 <returns>Lista de jogos com nome e URL da imagem</returns>
</member>
<member name="M:LucqmanDownload.Novo.Main">
 <summary>
 Método principal que pode ser chamado de forma independente
 </summary>
</member>
<member name="T:LucqmanDownload.TorrentLib1337">
 <summary>
 Classe que implementa as funcionalidades do script 1337.py em Visual Basic
 </summary>
</member>
<member name="F:LucqmanDownload.TorrentLib1337.UPLOADERS_PERMITIDOS">
 <summary>
 Uploaders permitidos para filtrar resultados
 </summary>
</member>
<member name="M:LucqmanDownload.TorrentLib1337.LogError(System.String)">
 <summary>
 Método para integração com sistema de log do Form1
 </summary>
</member>
<member name="M:LucqmanDownload.TorrentLib1337.BuscarRarBG(System.String)">
 <summary>
 Busca torrents no site RARBG com base no termo de busca fornecido
 </summary>
 <param name="termoBusca">Termo para pesquisa</param>
 <returns>Lista de dicionários contendo informações dos torrents encontrados</returns>
</member>
<member name="M:LucqmanDownload.TorrentLib1337.ObterMagnet(System.String)">
 <summary>
 Obtém o link magnet de um torrent específico
 </summary>
 <param name="linkTorrent">URL da página do torrent</param>
 <returns>String contendo o link magnet ou Nothing se não encontrado</returns>
</member>
<member name="M:LucqmanDownload.TorrentLib1337.ProcessarComando(System.String[])">
 <summary>
 Método principal para processar comandos de linha de comando
 Similar à função principal do script Python original
 </summary>
 <param name="args">Argumentos de linha de comando</param>
 <returns>String JSON com o resultado da operação</returns>
</member>
<member name="M:LucqmanDownload.TorrentLib1337.ModoInterativo">
 <summary>
 Executa o modo interativo da aplicação
 </summary>
</member>
</members>
</doc>
